file_name,category,purpose
01_user_acquisition_and_school_bridge_v2.sql,main_build,"학교·그룹·사용자 가입·연락처·현재 친구·인근학교 기준정보"
02_friend_request_and_school_viral_v2.sql,main_build,"친구요청·방향쌍·사용자 바이럴 프로필·학교 일별 확산"
02z_rate_precision_repair_v2.sql,recovery_repair,"사용자·학교 비율 컬럼 DECIMAL 정밀도 복구 및 QA"
03_question_candidate_exposure_v2.sql,main_build,"질문·세트·조각·투표·후보·owner 관계"
04_hackle_event_enriched_24d_v2.sql,main_build,"Hackle 원행·속성·식별·방문 재세션화"
04b_hackle_resume_after_text_dim_v2.sql,recovery_resume,"Hackle 문자열 차원 이후 재개"
04c_hackle_finalize_after_assignment_v2.sql,recovery_resume,"Hackle 이벤트 방문 배정 이후 최종화"
05_value_safety_lifecycle_v2.sql,main_build,"가치·안전·생애주기·출석·관측기간"
05c_value_event_recovery_v2.sql,recovery_resume,"가치 이벤트 체크포인트 복구"
05d_safety_lifecycle_recovery_tail_v2.sql,recovery_resume,"안전·생애주기·출석 꼬리 단계 복구"
06_user_activity_and_cumulative_v2.sql,main_build,"사용자 활동일·누적 상태"
06d_user_activity_staged_recovery_v2.sql,recovery_resume,"원천별 활동 누산 재구축"
06e_user_cumulative_state_tail_v2.sql,recovery_resume,"사용자 누적 상태 꼬리 단계"
06f_user_activity_resume_after_stage5_v2.sql,recovery_resume,"활동 5단계 이후 재개"
06g_user_activity_resume_after_stage7_v2.sql,recovery_resume,"활동 7단계 이후 재개"
06h_user_activity_project_publish_after_stage7_v2.sql,recovery_resume,"활동 누산기 최종 publish"
07_qa_complete_coverage_v2.sql,qa,"원초 25개 커버리지 및 전체 무결성 QA"
08_build_all_v2.sql,entrypoint,"본선 01~07 전체 호출"
08a_build_stage_1_core_v2.sql,entrypoint,"Stage 1 호출"
08b_build_stage_2_question_hackle_v2.sql,entrypoint,"Stage 2 질문·Hackle 호출"
08b2_build_stage_2_hackle_only_v2.sql,entrypoint,"Hackle만 재호출"
08b3_build_stage_2_hackle_resume_v2.sql,entrypoint,"Hackle 중간 복구 호출"
08b4_build_stage_2_hackle_finalize_v2.sql,entrypoint,"Hackle 최종 복구 호출"
08c_build_stage_3_value_activity_qa_v2.sql,entrypoint,"Stage 3 본선 및 QA 호출"
08d_build_stage_3_recover_v2.sql,entrypoint,"Stage 3 가치 복구 호출"
08e_build_stage_3_activity_recover_v2.sql,entrypoint,"Stage 3 활동 복구 호출"
08f_build_stage_3_activity_resume_after5_v2.sql,entrypoint,"활동 5단계 이후 복구 호출"
08g_build_stage_3_activity_resume_after7_v2.sql,entrypoint,"활동 7단계 이후 복구·최종 QA 호출"
stop_orphan_build_v2.sql,safety,"끊긴 대용량 빌드 연결 식별·중지"
